{"current":{"color_announcement_text":"#fff","checkout_body_font":"-apple-system, BlinkMacSystemFont, 'Segoe UI', Roboto, Helvetica, Arial, sans-serif, 'Apple Color Emoji', 'Segoe UI Emoji', 'Segoe UI Symbol'","social_youtube_link":"","inventory_enable":true,"type_header_base_size":38,"type_body_align_text":true,"color_image_overlay_text_shadow":20,"color_image_text":"#fff","color_large_image_bg":"#0f0f0f","mlvedaACS_autoSwitch":false,"product_save_type":"dollar","product_content_collapse_2":true,"product_content_collapse_3":true,"product_content_collapse_1":true,"checkout_header_image":"","cart_terms_conditions_enable":true,"show_breadcrumbs":false,"icon_weight":"2px","color_footer_text":"#000000","quick_shop_text":"Quick view","inventory_threshold":10,"type_product_capitalize":true,"share_facebook":true,"social_linkedin_link":"","checkout_accent_color":"#111111","mlvedaACS_isCustomized":true,"color_button_text":"#fff","product_video_height":"1280","collection_grid_shape":"square","collection_grid_style":"overlaid-box","color_cart_dot":"#ff4f33","color_drawer_border":"#e8e8e1","checkout_logo_size":"small","mlvedaACS_borderLook":true,"cart_notes_enable":false,"vendor_enable":false,"checkout_button_color":"#111111","type_navigation_style":"body","cart_terms_conditions_link":"","color_header_text":"#000","variant_type":"button","share_twitter":true,"cart_type":"drawer","checkout_input_background_color_mode":"white","type_collection_font":"body","mlvedaACS_textColor":"inherit","mlvedaACS_flagStyle":"circle","social_pinterest_link":"https:\/\/www.pinterest.com\/shopify","mlvedaACS_isMessageDisplay":true,"color_small_image_bg":"#fff","mlvedaACS_messageColor":"inherit","checkout_heading_font":"-apple-system, BlinkMacSystemFont, 'Segoe UI', Roboto, Helvetica, Arial, sans-serif, 'Apple Color Emoji', 'Segoe UI Emoji', 'Segoe UI Symbol'","color_image_overlay_opacity":10,"type_base_line_height":1.6,"button_style":"square","sku_enable":false,"enable_payment_button":true,"social_vimeo_link":"","checkout_body_background_image":"","color_footer":"#ffffff","color_body_bg":"#ffffff","product_hover_image":false,"quick_shop_enable":false,"type_header_line_height":1,"collection_color_swatches":false,"collection_grid_text_align":"center","mlvedaACS_roundDecimal":false,"color_header":"#fff","supported_currencies":"USD CAD INR GBP AUD EUR JPY","product_video_style":"muted","color_button":"#111111","product_grid_image_size":"natural","mlvedaACS_messageContent":"<<shop.name>> process all orders in <<shop.currency>>. While the content of your cart is currently displayed in <<shop.selected_currency>>, you will checkout using <<shop.currency>> at the most current exchange rate.","collection_grid_gutter":true,"social_instagram_link":"https:\/\/instagram.com\/biancorossowatches","collection_grid_image":"product","trust_image":"","checkout_body_background_color":"#fff","checkout_sidebar_background_image":"","color_modal_overlays":"#e6e6e6","product_save_amount":true,"color_price":"#1c1d1d","product_content_2":"","product_content_3":"","product_content_1":"","cart_additional_buttons":true,"mlvedaACS_positionTop":"10px","enable_currencies":false,"type_product_style":"body","search_type":"product","reviews_layout":"expandable","sections":{"1524769873765":{"settings":{"parallax":true,"autoplay_speed":7,"style":"bars","section_height":"750px","mobile_height":"auto","autoplay":true},"blocks":{"1524769873765-0":{"settings":{"image":"shopify:\/\/shop_images\/long-blonde-hair-at-carnival.jpg","title_size":80,"color_accent":"#000000","link":"shopify:\/\/collections\/all","top_subheading":"","link_2":"shopify:\/\/collections\/all","title":"BIANCO ROSSO \nIS HERE","link_text_2":"Shop Men","subheading":"And we are gonna rule","link_text":"Shop Women","focal_point":"center center","text_align":"vertical-center horizontal-center"},"type":"image"},"1524769873765-1":{"settings":{"image":"shopify:\/\/shop_images\/businessman-on-smartphone.jpg","title_size":80,"color_accent":"#000000","link":"shopify:\/\/collections\/all","top_subheading":"","link_2":"shopify:\/\/collections\/all","title":"BASED IN\nCYPRUS","link_text_2":"Shop all","subheading":"Free shipping all over the world","link_text":"Shop all","focal_point":"center center","text_align":"vertical-bottom horizontal-left"},"type":"image"}},"type":"slideshow","block_order":["1524769873765-0","1524769873765-1"]},"1525886124958":{"settings":{"full_width":false,"space_above":false,"gutter_size":20,"space_below":false},"blocks":{"1525911710924":{"settings":{"boxed":false,"bottom_text":"Select products","color_tint_opacity":0,"framed":true,"width":"50","color_tint":"#000","top_text":"Up to","middle_text":"50% off","sale_collection":"frontpage"},"type":"sale_collection"},"1525886482727":{"settings":{"image":"shopify:\/\/shop_images\/woman-cross-legged-with-her-eyes-closed.jpg","heading":"Get Ready For Black Friday","color_accent":"rgba(0,0,0,0)","textarea":"Include the smaller details of your promotion in text below the title.","focal_point":"80% 50%","cta_link2":"","cta_link1":"shopify:\/\/collections\/all","video_url":"","boxed":false,"text_size":120,"framed":false,"width":"100","cta_text2":"Shop Men","subheading":"Limited time","cta_text1":"Shop Women","height":720,"text_align":"vertical-center horizontal-center"},"type":"advanced"},"1525886854810":{"settings":{"boxed":false,"bottom_text":"Select products","color_tint_opacity":0,"framed":true,"width":"50","color_tint":"#000","top_text":"Up to","middle_text":"50% off","sale_collection":"frontpage"},"type":"sale_collection"}},"type":"promo-grid","block_order":["1525886482727","1525886854810","1525911710924"]},"list-collections-template":{"settings":{"display_type":"all","title_enable":true,"grid":"3","sort":"alphabetical"},"type":"list-collections-template"},"footer":{"settings":{"show_payment_icons":true,"copyright_text":"","show_copyright":true},"blocks":{"1494301487048":{"settings":{"desktop_logo_height":79,"logo":"","container_width":91},"type":"logo_social"},"1571553525051":{"settings":{"show_footer_title":true,"menu":"support","container_width":25},"type":"menu"},"1494292487693":{"settings":{"show_footer_title":true,"text":"<p>Subscribe to get special offers,<\/p>\n<p>free giveaways, and once-in-a-lifetime deals.<\/p>","title":"Sign up and save","container_width":29},"type":"newsletter"},"1571392745309":{"settings":{"image":"","show_footer_title":true,"text":"<p><strong>CP ROSSO BIANCO JEWELLERY LIMITED <\/strong> <br> 11 KOKALOUS, PYRGA,7648, LARNACA, CYPRUS <br> 0035796677075 <br> support@biancorossowatches.com<\/p>","title":"","container_width":29},"type":"custom"},"1494301487049":{"settings":{"show_footer_title":true,"menu":"footer","container_width":15},"type":"menu"}},"type":"footer","block_order":["1494301487049","1494292487693","1571392745309","1494301487048","1571553525051"]},"collection-template":{"settings":{"mobile_flush_grid":false,"rows_per_page":7,"subcollection_style":"above","subcollections_per_row":5,"enable_collection_count":true,"per_row":4},"type":"collection-template"},"collection-header":{"settings":{"collection_image_enable":true,"parallax":true,"enable":true},"type":"collection-header"},"collection-sidebar":{"settings":{"tags_combine":false,"filter_style":"sidebar","enable_sidebar":true,"enable_sort":true},"blocks":{"1524772785241":{"settings":{"collapsed":false,"enable_count":false,"enable_subsubcollections":true},"type":"subcollections"},"1524772580942":{"settings":{"collapsed":false,"title":"Tags"},"type":"tags_all"}},"type":"collection-sidebar","block_order":["1524772785241","1524772580942"]},"article-template":{"settings":{"blog_show_comments":true,"image_hero":false,"blog_show_tags":true,"blog_show_date":true,"social_sharing_blog":true,"blog_show_author":false},"type":"article-template"},"footer-promotions":{"settings":{"image_size":"wide","hide_homepage":true},"type":"footer-promotions"},"product-template":{"settings":{"social_enable":true,"image_size":"large","image_position":"left","thumbnail_position":"beside","description_style":"default"},"type":"product-template"},"1499790633921":{"settings":{"layout":"left","image":"shopify:\/\/shop_images\/fashion-toronto-watch.jpg","framed":false,"parallax":true,"subtitle":"Stay Tuned","button_link":"shopify:\/\/collections\/all","text":"<p>We are currently designing men watches.<\/p>\n<p>Coming by 2020, so stay tuned!<\/p>","button_label":"","title":"","focal_point":"center","color_border":"#cdb8ac","height":650},"type":"background-image-text"},"page-sections-template":{"settings":{"page_content_enable":false,"page_title_enable":false},"blocks":{"page-rich-text":{"settings":{"align_text":"center","narrow_column":true,"text":"<p>Use this section for any descriptive text you need to fill out your pages or to add introductory headings between other blocks.<\/p>","title":"Rich text block","enlarge_text":true},"type":"rich-text"},"page-text-columns":{"settings":{"text_1":"<p>Use this section to explain a set of product features, to link to a series of pages, or to answer common questions about your products. Add images for emphasis.<\/p>","title":"","button_label_1":"","button_label_2":"","button_label_3":"","align_text":"center","image_1":"","enable_image_2":true,"image_width_3":650,"title_3":"Example title","text_3":"<p>Use this section to explain a set of product features, to link to a series of pages, or to answer common questions about your products. Add images for emphasis.<\/p>","text_2":"<p>Use this section to explain a set of product features, to link to a series of pages, or to answer common questions about your products. Add images for emphasis.<\/p>","enable_image_3":true,"image_width_1":650,"image_3":"","enable_image_1":true,"image_2":"","image_width_2":650,"button_link_1":"","title_1":"Example title","button_link_3":"","title_2":"Example title","button_link_2":""},"type":"text-columns"},"page-background-image-text":{"settings":{"layout":"right","image":"","parallax":true,"subtitle":"Impressive","button_link":"","text":"<p>Pair large text with a full-width image to draw attention to an important detail of your brand or product line.<\/p>","button_label":"","title":"Large image with text box","alignment":"center","color_border":"#f4f4f4","height":550},"type":"background-image-text"},"page-featured-collection":{"settings":{"mobile_scrollable":true,"collection":"","view_all":true,"title":"Featured collection","rows":1,"per_row":4},"type":"featured-collection"},"page-image-hero":{"settings":{"image":"","title_size":80,"parallax":true,"color_accent":"rgba(0,0,0,0)","link":"","link_2":"","title":"Two line\ntitle image","link_text_2":"","focal_point":"center center","subheading":"And optional subtext","link_text":"Optional button","section_height":"650px","mobile_height":"auto","text_align":"vertical-center horizontal-center"},"type":"image-hero"}},"type":"page-sections-template","block_order":["page-image-hero","page-rich-text","page-text-columns","page-background-image-text","page-featured-collection"]},"collection-promotions":{"settings":{"gutter_size":20},"blocks":{"1526403837307":{"settings":{"image":"","heading":"Banner promotion","color_tint_opacity":10,"framed":false,"link":"shopify:\/\/collections\/all","color_tint":"#e95454","promo_collection":"","text":"Add the details of your promotion in smaller text","label":"Shop now"},"type":"banner"},"1526496043079":{"settings":{"image":"","heading":"Announce your promotion","color_accent":"rgba(0,0,0,0)","textarea":"Include the smaller details of your promotion in text below the title.","focal_point":"center","cta_link2":"","cta_link1":"shopify:\/\/collections\/all","video_url":"","boxed":false,"text_size":120,"framed":true,"width":"100","promo_collection":"","cta_text2":"Shop All","subheading":"Limited time","cta_text1":"Shop This","height":500,"text_align":"vertical-center horizontal-center"},"type":"advanced"}},"type":"collection-promotions","block_order":["1526403837307","1526496043079"]},"recently-viewed":{"settings":{"show_section":true,"recent_count":5},"type":"recently-viewed"},"newsletter-popup":{"settings":{"mode":"disabled","popup_days":30,"popup_seconds":5,"popup_image":"","popup_text":"<p>Entice customers to sign up for your mailing list with discounts or exclusive offers. Include an image for extra impact.<\/p>","enable_newsletter":true,"button_link":"","close_text":"No thanks","button_label":"Optional button","enable_button":false,"popup_title":"Sign up and save"},"type":"newsletter-popup"},"blog-template":{"settings":{"blog_show_tag_filter":true,"blog_show_comments":true,"blog_show_rss":false,"blog_image_size":"wide","blog_show_excerpt":false,"blog_show_tags":true,"blog_show_date":true,"blog_show_author":false},"type":"blog-template"},"1571461914402":{"settings":{"narrow_column":true,"show_phone":false,"title":"Contact us"},"type":"contact-form"},"header":{"settings":{"mega_menu_images":true,"header_search_enable":true,"main_menu_link_list":"main-menu","header_style":"sticky","toolbar_menu":"","sticky_index":false,"announcement_compact":true,"main_menu_alignment":"center-split","toolbar_social":true,"sticky_collection":false,"announcement_above_header":true},"blocks":{"1524770292306":{"settings":{"link":"","text":"Free shipping","link_text":"On all orders over $100"},"type":"announcement"},"1524770296206":{"settings":{"link":"","text":"Hassle-free returns","link_text":"14-day postage paid returns"},"type":"announcement"},"1524770014057":{"settings":{"desktop_logo_width":310,"logo":"shopify:\/\/shop_images\/logo.PNG","mobile_logo_width":190,"logo-inverted":""},"type":"logo"}},"type":"header","block_order":["1524770014057","1524770292306","1524770296206"]},"1498163293234":{"settings":{"align_text":"center","narrow_column":true,"divider":false,"text":"<p>Same Day Shipping And One Day Delivery To Every European Country.<\/p>\n<p>Safe And Fast With UPS<\/p>\n<p>All That For Free<\/p>\n<p><\/p>","title":"","enlarge_text":true},"type":"featured-content"},"1525295772132":{"settings":{"home_featured_products":"frontpage","divider":true,"mobile_scrollable":true,"view_all":true,"title":"Featured collection","rows":1,"per_row":4},"type":"featured-collection"},"product-recommendations":{"settings":{"related_count":5,"show_product_recommendations":false,"product_recommendations_heading":"You may also like"},"type":"product-recommendations"},"product-sections-template":{"settings":{"social_enable":true,"collection_links_enable":true,"image_size":"medium","image_position":"right","thumbnail_position":"beside","description_style":"default"},"blocks":{"product-text-columns":{"settings":{"text_1":"<p>Use this section to explain a set of product features, to link to a series of pages, or to answer common questions about your products. Add images for emphasis.<\/p>","title":"","button_label_1":"","button_label_2":"","button_label_3":"","align_text":"center","image_1":"","enable_image_2":true,"image_width_3":650,"title_3":"Example title","text_3":"<p>Use this section to explain a set of product features, to link to a series of pages, or to answer common questions about your products. Add images for emphasis.<\/p>","text_2":"<p>Use this section to explain a set of product features, to link to a series of pages, or to answer common questions about your products. Add images for emphasis.<\/p>","enable_image_3":true,"image_width_1":650,"image_3":"","enable_image_1":true,"image_2":"","image_width_2":650,"button_link_1":"","title_1":"Example title","button_link_3":"","title_2":"Example title","button_link_2":""},"type":"text-columns"},"product-text-and-image":{"settings":{"layout":"left","image":"","subtitle":"Improved","button_link":"","image_width":500,"text":"<p>Pair large text with an image to tell a story, explain a detail about your product, or describe a new promotion.<\/p>","button_label":"Optional button","title":"Image with text"},"type":"text-and-image"},"product-hero-video":{"settings":{"video_url":"https:\/\/www.youtube.com\/watch?v=_9VUPq3SxOc","title_size":80,"link":"","title":"Bring your\nbrand to life.","subheading":"Seamless hero videos","link_text":"Optional button","section_height":"650px","mobile_height":"auto","text_align":"vertical-bottom horizontal-left"},"type":"hero-video"},"product-image-row":{"settings":{"image_4_link":"","image_2_link":"","image_4":"","image_1_link":"","enable_zoom":true,"image_1":"","image_3":"","image_2":"","enable_gutter":false,"image_3_link":""},"type":"image-row"},"product-background-image-text":{"settings":{"layout":"right","image":"","parallax":true,"subtitle":"Impressive","button_link":"","text":"<p>Pair large text with a full-width image to draw attention to an important detail of your brand or product line.<\/p>","button_label":"","title":"Large image with text box","alignment":"center","color_border":"#f4f4f4","height":550},"type":"background-image-text"}},"type":"product-sections-template","block_order":["product-image-row","product-text-and-image","product-background-image-text","product-text-columns","product-hero-video"]}},"mlvedaACS_positionCatagory":"fixed_position","enable_product_reviews":false,"content_for_index":["1524769873765","1498163293234","1525295772132","1525886124958","1499790633921","1571461914402"],"mlvedaACS_positionRight":"20px","mlvedaACS__id":{"date":"Thu Oct 24 15:30:41 UTC 2019","currentCounter":-1113467740,"generatedMachineIdentifier":387926,"machineIdentifier":387926,"generatedProcessIdentifier":20731,"time":1571931041000,"processIdentifier":20731,"counter":10605730,"timestamp":1571931041,"timeSecond":1571931041},"type_base_size":16,"icon_linecaps":"miter","color_image_overlay":"#000","collection_grid_opacity":10,"checkout_logo_position":"left","color_drawer_text":"#000000","social_twitter_link":"","checkout_logo_image":"","type_header_spacing":"0","checkout_sidebar_background_color":"#fafafa","type_header_capitalize":true,"product_contact_title":"Ask a question","currency_format":"money_format","mlvedaACS_positionLeft":"10px","mlvedaACS_defaultCurrency":"EUR","color_drawer_background":"#ffffff","type_navigation_size":13,"quantity_enable":false,"type_base_font_family":"futura_n4","mlvedaACS_positionBottom":"20px","color_body_text":"#000000","mlvedaACS_messageBackgroundColor":"inherit","checkout_error_color":"#ff6d6d","color_drawer_button_text":"#ffffff","swatch_style":"round","social_tumblr_link":"","mlvedaACS_roundDecimalValue":1,"color_announcement":"#0f0f0f","color_drawer_button":"#111111","homepage_social_image":"","product_contact_show_phone":false,"mlvedaACS_backgroundColor":"#f44336","mlvedaACS_position":"top_with_right","color_savings_text":"#ff4e4e","collection_grid_tint":"#000000","product_color_swatches":false,"type_header_font_family":"tiemann_n4","mlvedaACS_textHoverColor":"inherit","favicon":"shopify:\/\/shop_images\/logo.jpg","mlvedaACS_enable":true,"social_facebook_link":"https:\/\/www.facebook.com\/biancorossowatches","type_headers_align_text":true,"type_base_spacing":"25","mlvedaACS_supportedCurrencies":"EUR USD GBP RON","type_navigation_capitalize":true,"share_pinterest":true,"social_snapchat_link":"","mlvedaACS_hideDecimal":false,"mlvedaACS_hoverBackgroundColor":"inherit","breadcrumb":true,"type_collection_size":18,"mlvedaACS_currencyFormat":"money_with_currency_format","mlvedaACS_borderLineColor":"inherit","product_video_width":"960","mlvedaACS_displayFlag":false,"color_borders":"#e8e8e1","product_contact":false,"variant_labels_enable":true,"product_zoom_enable":false},"presets":{"Bold":{"color_announcement_text":"#fff","checkout_body_font":"Helvetica Neue","social_youtube_link":"https:\/\/www.youtube.com\/user\/shopify","inventory_enable":false,"type_header_base_size":45,"type_body_align_text":true,"color_image_overlay_text_shadow":30,"type_accent_style":"body","color_large_image_bg":"#111111","checkout_call_to_action_color":"#a26b25","product_content_collapse_2":true,"product_content_collapse_3":true,"product_content_collapse_1":false,"type_base_accent_transform":true,"icon_weight":"5px","color_footer_text":"#ffffff","quick_shop_text":"Quick view","type_button_capitalize":false,"share_facebook":true,"type_accent_capitalize":true,"checkout_accent_color":"#ae9878","color_button_text":"#ffffff","product_video_height":"720","collection_grid_shape":"landscape","collection_grid_style":"overlaid-box","color_cart_dot":"#9f8561","color_drawer_border":"#2b2a27","type_button_font":"heading","checkout_logo_size":"small","type_header_accent_transform":true,"vendor_enable":false,"checkout_button_color":"#ae9878","type_navigation_style":"heading","color_header_text":"#ffffff","variant_type":"button","share_twitter":true,"cart_type":"drawer","checkout_input_background_color_mode":"transparent","type_accent_bold":true,"type_collection_font":"heading","color_small_image_bg":"#000000","color_image_1_opacity":0,"checkout_heading_font":"Helvetica Neue","collection_grid_font":"heading","color_image_overlay_opacity":15,"type_base_line_height":1.4,"button_style":"angled","sku_enable":false,"color_footer":"#000000","color_body_bg":"#000000","product_hover_image":false,"color_image_1":"#6d1414","color_image_2":"#cf2424","quick_shop_enable":true,"type_header_line_height":1.2,"collection_color_swatches":false,"collection_grid_text_align":"bottom-center","color_header":"#000000","color_input":"#ffffff","color_image_bg":"#000000","product_video_style":"muted","color_button":"#9f8561","product_grid_image_size":"square","color_image_2_opacity":0,"collection_grid_gutter":true,"collection_grid_image":"collection","checkout_body_background_color":"#000000","color_modal_overlays":"#67635d","product_save_amount":true,"color_price":"#d1ba98","type_product_style":"heading","reviews_layout":"expandable","sections":{"1525969132569":{"settings":{"full_width":false,"space_above":false,"gutter_size":5,"space_below":false},"blocks":{"1525969996422":{"settings":{"text_size":100,"color_tint_opacity":0,"framed":true,"width":"50","color_tint":"#ff0000","link_label":"Shop now","label":"New","enable_price":true},"type":"product"},"1525969870126":{"settings":{"text_size":100,"color_tint_opacity":0,"framed":true,"width":"50","color_tint":"#f8ebd4","link_label":"Shop now","label":"New","enable_price":true},"type":"product"}},"type":"promo-grid","block_order":["1525969870126","1525969996422"]},"footer":{"settings":{"show_payment_icons":true},"blocks":{"1494292487693":{"settings":{},"type":"newsletter"},"1526406521795":{"settings":{"menu":"footer","container_width":25},"type":"menu"},"1525444454442":{"settings":{"container_width":95},"type":"logo_social"}},"type":"footer","block_order":["1494292487693","1526406521795","1525444454442"]},"1524768368258":{"settings":{"parallax":true,"autoplay_speed":5,"style":"minimal","section_height":"750px","mobile_height":"auto","autoplay":true},"blocks":{"1524768368258-0":{"settings":{"link":"shopify:\/\/collections\/all","link_text":"Shop all","focal_point":"top center","text_align":"vertical-center horizontal-left"},"type":"image"}},"type":"slideshow","block_order":["1524768368258-0"]},"1526481284428":{"settings":{"align_text":"center","narrow_column":true,"divider":false,"enlarge_text":true},"type":"featured-content"},"collection-template":{"settings":{"subcollection_style":"above","subcollections_per_row":3,"per_row":5},"type":"collection-template"},"collection-header":{"settings":{"collection_image_enable":false,"parallax":false,"enable":true},"type":"collection-header"},"1526480838446":{"settings":{"layout":"left","framed":false,"parallax":true,"button_link":"shopify:\/\/collections\/all","focal_point":"center","color_border":"#f4f4f4","height":750},"type":"background-image-text"},"collection-sidebar":{"settings":{"tags_combine":false,"filter_style":"sidebar","enable_sidebar":true,"enable_sort":true},"blocks":{"1524772785241":{"settings":{},"type":"subcollections"},"1524772580942":{"settings":{},"type":"tags_all"}},"type":"collection-sidebar","block_order":["1524772785241","1524772580942"]},"1526048428302":{"settings":{"divider":false,"view_all":false,"rows":1,"per_row":4},"type":"featured-collection"},"article-template":{"settings":{"blog_show_comments":true,"blog_show_tags":true,"blog_show_date":true,"social_sharing_blog":true,"blog_show_author":false},"type":"article-template"},"product-template":{"settings":{"social_enable":true,"image_size":"large"},"type":"product-template"},"1499790633921":{"settings":{"layout":"right","framed":false,"parallax":true,"button_link":"shopify:\/\/collections\/all","focal_point":"center","color_border":"#090909","height":750},"type":"background-image-text"},"1526048519234":{"settings":{"color_background":"#171615","color_text":"#ffffff"},"type":"newsletter"},"page-sections-template":{"settings":{"page_content_enable":false,"page_title_enable":false},"blocks":{"page-rich-text":{"settings":{"align_text":"center","narrow_column":true,"enlarge_text":true},"type":"rich-text"},"page-text-columns":{"settings":{},"type":"text-columns"},"page-background-image-text":{"settings":{"layout":"right","alignment":"center","color_border":"#f4f4f4","height":550},"type":"background-image-text"},"page-featured-collection":{"settings":{"view_all":true,"rows":1,"per_row":4},"type":"featured-collection"}},"type":"page-sections-template","block_order":["page-rich-text","page-text-columns","page-background-image-text","page-featured-collection"]},"collection-promotions":{"settings":{"gutter_size":20},"blocks":{"1526501090474":{"settings":{"cta_link1":"shopify:\/\/collections\/all","boxed":false,"text_size":120,"framed":true,"width":"50","focal_point":"center","height":400,"text_align":"vertical-center horizontal-center"},"type":"advanced"},"1526501130849":{"settings":{"boxed":false,"framed":true,"width":"50"},"type":"sale_collection"},"1526501360047":{"settings":{"color_tint_opacity":20,"framed":false,"color_tint":"#514f4b","label":"Shop 2017"},"type":"banner"}},"type":"collection-promotions","block_order":["1526501090474","1526501130849","1526501360047"]},"newsletter-popup":{"settings":{},"type":"newsletter-popup"},"blog-template":{"settings":{"blog_show_tag_filter":true,"blog_show_comments":true,"blog_show_rss":false,"blog_image_size":"wide","blog_show_tags":true,"blog_show_date":true,"blog_show_author":false},"type":"blog-template"},"header":{"settings":{"header_search_enable":false,"main_menu_link_list":"main-menu","header_style":"normal","sticky_index":true,"announcement_compact":false,"main_menu_alignment":"left-center","toolbar_social":false,"sticky_collection":false},"blocks":{"1524768779513":{"settings":{},"type":"logo"}},"type":"header","block_order":["1524768779513"]},"1525899982112":{"settings":{},"type":"instagram"},"product-sections-template":{"settings":{"social_enable":true,"collection_links_enable":true,"image_size":"large","thumbnail_position":"below"},"blocks":{"product-text-columns":{"settings":{},"type":"text-columns"},"product-background-image-text":{"settings":{"layout":"right","parallax":false,"button_link":"shopify:\/\/collections\/all","alignment":"top left","color_border":"#3a6815","height":550},"type":"background-image-text"}},"type":"product-sections-template","block_order":["product-background-image-text","product-text-columns"]},"1525290496166":{"settings":{"divider":false,"enable_gutter":true,"per_row":3},"blocks":{"1525290496166-0":{"settings":{},"type":"collection"},"1525290496166-1":{"settings":{},"type":"collection"},"1525290496166-2":{"settings":{},"type":"collection"}},"type":"featured-collections","block_order":["1525290496166-0","1525290496166-2","1525290496166-1"]},"1526481405629":{"settings":{"full_width":false,"space_above":false,"gutter_size":34,"space_below":true},"blocks":{"1526481405629-1":{"settings":{"boxed":false,"text_size":120,"framed":false,"width":"100","focal_point":"center","height":660,"text_align":"vertical-center horizontal-center"},"type":"advanced"}},"type":"promo-grid","block_order":["1526481405629-1"]},"1526048620689":{"settings":{"blog_show_comments":false,"blog_image_size":"wide","divider":false,"blog_show_tags":false,"post_limit":3,"view_all":true,"title":"Our blog","blog":"news","blog_show_date":true,"blog_show_author":false},"type":"blog-posts"}},"enable_product_reviews":true,"content_for_index":["1524768368258","1526481284428","1525969132569","1525290496166","1526048428302","1526480838446","1499790633921","1526048519234","1526048620689","1526481405629","1525899982112"],"type_base_size":18,"icon_linecaps":"miter","color_image_overlay":"#000","collection_grid_opacity":10,"checkout_logo_position":"left","color_drawer_text":"#ffffff","social_twitter_link":"https:\/\/twitter.com\/shopify","type_header_spacing":"150","checkout_sidebar_background_color":"#000000","type_header_capitalize":true,"color_sale_tag":"#990000","currency_format":"money_format","color_drawer_background":"#000000","type_navigation_size":18,"quantity_enable":false,"type_base_font_family":"itc_conduit_n4","color_body_text":"#ffffff","checkout_banner_background_color":"#fff","checkout_error_color":"#ff6d6d","color_drawer_button_text":"#ffffff","color_announcement":"#cf2424","color_drawer_button":"#9f8561","color_savings_text":"#ff6565","collection_grid_tint":"#000000","product_color_swatches":false,"type_header_font_family":"fjalla_one_n4","social_facebook_link":"https:\/\/www.facebook.com\/shopify","type_headers_align_text":true,"type_base_spacing":"50","share_pinterest":true,"breadcrumb":true,"type_collection_size":23,"product_video_width":"1280","color_borders":"#2b2a27","product_contact":false,"product_zoom_enable":false},"Modern":{"collection_grid_text_align":"center","color_announcement_text":"#fff","inventory_enable":true,"color_header":"#fff","type_body_align_text":true,"type_header_base_size":38,"color_image_overlay_text_shadow":20,"color_large_image_bg":"#0f0f0f","product_video_style":"muted","color_button":"#111111","product_grid_image_size":"natural","collection_grid_gutter":true,"social_instagram_link":"https:\/\/instagram.com\/shopify","collection_grid_image":"product","cart_terms_conditions_enable":false,"checkout_body_background_color":"#fff","color_modal_overlays":"#e6e6e6","icon_weight":"2px","color_footer_text":"#000000","quick_shop_text":"Quick view","color_price":"#1c1d1d","share_facebook":true,"checkout_accent_color":"#111111","color_button_text":"#fff","product_video_height":"1280","type_product_style":"body","sections":{"1524769873765":{"settings":{"parallax":true,"autoplay_speed":7,"style":"bars","section_height":"750px","mobile_height":"auto","autoplay":true},"blocks":{"1524769873765-0":{"settings":{"title_size":80,"color_accent":"#000000","link":"shopify:\/\/collections\/all","link_2":"shopify:\/\/collections\/all","link_text_2":"Shop all","link_text":"Shop this","focal_point":"top center","text_align":"vertical-center horizontal-center"},"type":"image"},"1524769873765-1":{"settings":{"title_size":80,"color_accent":"#000000","link":"shopify:\/\/collections\/all","link_2":"shopify:\/\/collections\/all","link_text_2":"Shop all","link_text":"Shop all","focal_point":"top center","text_align":"vertical-bottom horizontal-left"},"type":"image"}},"type":"slideshow","block_order":["1524769873765-0","1524769873765-1"]},"1499789718857":{"settings":{"divider":false,"title":"Shop by category","enable_gutter":true,"per_row":4},"blocks":{"1499789718857-1":{"settings":{},"type":"collection"},"1499789718857-0":{"settings":{},"type":"collection"},"1499789718857-3":{"settings":{},"type":"collection"},"1499789718857-2":{"settings":{},"type":"collection"}},"type":"featured-collections","block_order":["1499789718857-0","1499789718857-1","1499789718857-2","1499789718857-3"]},"1525115199973":{"settings":{"blog_show_comments":false,"blog_image_size":"wide","divider":false,"blog_show_tags":false,"post_limit":3,"view_all":true,"title":"From the journal","blog":"news","blog_show_date":true,"blog_show_author":false},"type":"blog-posts"},"1525886124958":{"settings":{"full_width":false,"space_above":false,"gutter_size":20,"space_below":false},"blocks":{"1525911710924":{"settings":{"boxed":false,"framed":true,"width":"50"},"type":"sale_collection"},"1525886482727":{"settings":{"cta_link1":"shopify:\/\/collections\/all","boxed":false,"text_size":120,"framed":false,"width":"100","focal_point":"80% 50%","height":720},"type":"advanced"},"1525886854810":{"settings":{"boxed":false,"framed":true,"width":"50"},"type":"sale_collection"}},"type":"promo-grid","block_order":["1525886482727","1525886854810","1525911710924"]},"footer":{"settings":{"show_payment_icons":false},"blocks":{"1494301487048":{"settings":{"container_width":95},"type":"logo_social"},"1494292487693":{"settings":{"container_width":33},"type":"newsletter"},"1494301487049":{"settings":{"menu":"footer","container_width":25},"type":"menu"}},"type":"footer","block_order":["1494301487049","1494292487693","1494301487048"]},"1525912530555":{"settings":{"full_width":true,"space_above":false,"gutter_size":20,"space_below":false},"blocks":{"1525912530555-0":{"settings":{"cta_link1":"shopify:\/\/collections\/all","boxed":false,"text_size":100,"framed":true,"width":"50","focal_point":"center","height":800,"text_align":"vertical-center horizontal-center"},"type":"advanced"},"1525912530555-1":{"settings":{"cta_link1":"shopify:\/\/collections\/all","boxed":true,"text_size":100,"framed":false,"width":"50","focal_point":"80% 50%","height":500,"text_align":"vertical-bottom horizontal-center"},"type":"advanced"}},"type":"promo-grid","block_order":["1525912530555-0","1525912530555-1"]},"collection-template":{"settings":{"subcollection_style":"above","subcollections_per_row":5,"per_row":4},"type":"collection-template"},"collection-header":{"settings":{"collection_image_enable":true,"parallax":true,"enable":true},"type":"collection-header"},"collection-sidebar":{"settings":{"tags_combine":false,"filter_style":"sidebar","enable_sidebar":true,"enable_sort":true},"blocks":{"1524772785241":{"settings":{},"type":"subcollections"},"1524772580942":{"settings":{},"type":"tags_all"}},"type":"collection-sidebar","block_order":["1524772785241","1524772580942"]},"article-template":{"settings":{"blog_show_comments":true,"blog_show_tags":true,"blog_show_date":true,"social_sharing_blog":true,"blog_show_author":false},"type":"article-template"},"1525118065355":{"settings":{},"type":"map"},"product-template":{"settings":{"social_enable":true,"image_size":"large","image_position":"left"},"type":"product-template"},"1499790633921":{"settings":{"layout":"left","framed":false,"parallax":true,"button_link":"shopify:\/\/collections\/all","focal_point":"80% 0","color_border":"#cdb8ac","height":750},"type":"background-image-text"},"page-sections-template":{"settings":{"page_content_enable":false,"page_title_enable":false},"blocks":{"page-rich-text":{"settings":{"align_text":"center","narrow_column":true,"enlarge_text":true},"type":"rich-text"},"page-text-columns":{"settings":{},"type":"text-columns"},"page-background-image-text":{"settings":{"layout":"right","alignment":"center","color_border":"#f4f4f4","height":550},"type":"background-image-text"},"page-featured-collection":{"settings":{"view_all":true,"title":"Featured collection","rows":1,"per_row":4},"type":"featured-collection"},"page-image-hero":{"settings":{},"type":"image-hero"}},"type":"page-sections-template","block_order":["page-image-hero","page-rich-text","page-text-columns","page-background-image-text","page-featured-collection"]},"collection-promotions":{"settings":{"gutter_size":20},"blocks":{"1526403837307":{"settings":{"color_tint_opacity":10,"framed":false,"link":"shopify:\/\/collections\/all","color_tint":"#e95454","label":"Shop now"},"type":"banner"},"1526496043079":{"settings":{"cta_link1":"shopify:\/\/collections\/all","boxed":false,"text_size":120,"framed":true,"width":"100","focal_point":"center","height":500,"text_align":"vertical-center horizontal-center"},"type":"advanced"}},"type":"collection-promotions","block_order":["1526403837307","1526496043079"]},"newsletter-popup":{"settings":{},"type":"newsletter-popup"},"blog-template":{"settings":{"blog_show_tag_filter":true,"blog_show_comments":true,"blog_show_rss":false,"blog_image_size":"wide","blog_show_tags":true,"blog_show_date":true,"blog_show_author":false},"type":"blog-template"},"header":{"settings":{"header_search_enable":true,"main_menu_link_list":"main-menu","header_style":"sticky","toolbar_menu":"top","sticky_index":false,"announcement_compact":true,"main_menu_alignment":"center-split","toolbar_social":true,"sticky_collection":false},"blocks":{"1524770292306":{"settings":{"text":"Free shipping","link_text":"On all orders over $100"},"type":"announcement"},"1524770296206":{"settings":{"text":"Hassle-free returns","link_text":"30-day postage paid returns"},"type":"announcement"},"1524770014057":{"settings":{"desktop_logo_width":140,"mobile_logo_width":110},"type":"logo"}},"type":"header","block_order":["1524770014057","1524770292306","1524770296206"]},"1498163293234":{"settings":{"align_text":"center","narrow_column":true,"divider":false,"enlarge_text":true},"type":"featured-content"},"1526068199595":{"settings":{},"type":"instagram"},"1525295772132":{"settings":{"divider":false,"view_all":true,"rows":1,"per_row":4},"type":"featured-collection"},"product-sections-template":{"settings":{"social_enable":true,"collection_links_enable":true,"image_size":"medium"},"blocks":{"product-text-columns":{"settings":{},"type":"text-columns"},"product-text-and-image":{"settings":{"layout":"left"},"type":"text-and-image"},"product-hero-video":{"settings":{"section_height":"650px","mobile_height":"auto","text_align":"vertical-bottom horizontal-left"},"type":"hero-video"},"product-image-row":{"settings":{"enable_zoom":true,"enable_gutter":false},"type":"image-row"},"product-background-image-text":{"settings":{"layout":"right","parallax":true,"alignment":"center","color_border":"#f4f4f4","height":550},"type":"background-image-text"}},"type":"product-sections-template","block_order":["product-image-row","product-text-and-image","product-background-image-text","product-text-columns","product-hero-video"]}},"collection_grid_shape":"square","collection_grid_style":"overlaid-box","content_for_index":["1524769873765","1498163293234","1525912530555","1499789718857","1525886124958","1525295772132","1499790633921","1525115199973","1525118065355","1526068199595"],"color_cart_dot":"#ff4f33","color_drawer_border":"#e8e8e1","icon_linecaps":"miter","type_base_size":16,"collection_grid_opacity":10,"color_image_overlay":"#000","checkout_logo_position":"left","checkout_logo_size":"small","cart_notes_enable":false,"color_drawer_text":"#000000","checkout_button_color":"#111111","vendor_enable":false,"type_header_spacing":"0","type_navigation_style":"body","color_header_text":"#000","variant_type":"button","checkout_sidebar_background_color":"#fafafa","share_twitter":true,"type_header_capitalize":true,"cart_type":"drawer","checkout_input_background_color_mode":"white","currency_format":"money_format","type_collection_font":"body","color_drawer_background":"#ffffff","quantity_enable":false,"type_navigation_size":13,"social_pinterest_link":"https:\/\/www.pinterest.com\/shopify","type_base_font_family":"futura_n4","color_body_text":"#000000","checkout_error_color":"#ff6d6d","color_drawer_button_text":"#ffffff","color_small_image_bg":"#fff","color_announcement":"#0f0f0f","color_drawer_button":"#111111","color_savings_text":"#ff4e4e","collection_grid_tint":"#000000","product_color_swatches":false,"type_header_font_family":"tiemann_n4","type_base_line_height":1.6,"button_style":"square","sku_enable":false,"social_facebook_link":"https:\/\/www.facebook.com\/shopify","type_headers_align_text":true,"type_base_spacing":"25","share_pinterest":true,"type_navigation_capitalize":true,"color_footer":"#ffffff","color_body_bg":"#ffffff","product_hover_image":false,"breadcrumb":true,"type_collection_size":18,"product_video_width":"960","color_borders":"#e8e8e1","product_contact":false,"type_header_line_height":1,"collection_color_swatches":false},"Vintage":{"color_announcement_text":"#ffffff","collection_grid_text_align":"top-center","social_youtube_link":"https:\/\/www.youtube.com\/user\/shopify","inventory_enable":false,"color_header":"#ffffff","type_header_base_size":36,"type_body_align_text":true,"color_image_overlay_text_shadow":30,"color_large_image_bg":"#682d2d","product_video_style":"muted","color_button":"#682d2d","product_grid_image_size":"square","collection_grid_gutter":true,"social_instagram_link":"https:\/\/instagram.com\/shopify","collection_grid_image":"product","cart_terms_conditions_enable":false,"checkout_body_background_color":"#fff","color_modal_overlays":"#cdc9c2","icon_weight":"3px","color_footer_text":"#593b32","quick_shop_text":"Quick view","color_price":"#1c1d1d","share_facebook":true,"checkout_accent_color":"#682d2d","color_button_text":"#fff","type_product_style":"body","product_video_height":"720","sections":{"1524686876171":{"settings":{"divider":false,"enable_gutter":true,"per_row":2},"blocks":{"1524686876171-1":{"settings":{},"type":"collection"},"1524686876171-0":{"settings":{},"type":"collection"}},"type":"featured-collections","block_order":["1524686876171-0","1524686876171-1"]},"1524685919990":{"settings":{"divider":false,"view_all":true,"rows":1,"per_row":4},"type":"featured-collection"},"footer":{"settings":{"show_payment_icons":false},"blocks":{"1494301487048":{"settings":{"container_width":95},"type":"logo_social"},"1494292487693":{"settings":{"container_width":30},"type":"newsletter"},"1494301487049":{"settings":{"menu":"footer","container_width":25},"type":"menu"}},"type":"footer","block_order":["1494301487049","1494292487693","1494301487048"]},"1525969002555":{"settings":{"blog_show_comments":false,"blog_image_size":"wide","divider":false,"blog_show_tags":false,"post_limit":3,"view_all":true,"blog":"news","blog_show_date":true,"blog_show_author":false},"type":"blog-posts"},"1524685997883":{"settings":{"color_background":"#f7f7f9","color_text":"#3f2e2e"},"type":"newsletter"},"collection-header":{"settings":{"collection_image_enable":true,"parallax":true,"enable":true},"type":"collection-header"},"article-template":{"settings":{"blog_show_comments":true,"blog_show_tags":true,"blog_show_date":true,"social_sharing_blog":true,"blog_show_author":false},"type":"article-template"},"product-template":{"settings":{"social_enable":false,"image_size":"large","thumbnail_position":"below"},"type":"product-template"},"page-sections-template":{"settings":{"page_content_enable":false,"page_title_enable":false},"blocks":{"page-rich-text":{"settings":{"align_text":"center","narrow_column":true,"enlarge_text":true},"type":"rich-text"},"page-text-columns":{"settings":{},"type":"text-columns"},"page-background-image-text":{"settings":{"layout":"right","alignment":"center","color_border":"#f4f4f4","height":550},"type":"background-image-text"},"page-featured-collection":{"settings":{"view_all":true,"rows":1,"per_row":4},"type":"featured-collection"}},"type":"page-sections-template","block_order":["page-rich-text","page-text-columns","page-background-image-text","page-featured-collection"]},"collection-promotions":{"settings":{"gutter_size":20},"blocks":{"1526501666154":{"settings":{"boxed":true,"framed":true,"width":"100"},"type":"sale_collection"},"1526501699095":{"settings":{"heading":"Free shipping","color_tint_opacity":14,"framed":true,"link":"shopify:\/\/collections\/all","color_tint":"#d69344","label":"Learn more"},"type":"banner"}},"type":"collection-promotions","block_order":["1526501666154","1526501699095"]},"1525878145666":{"settings":{"full_width":false,"space_above":false,"gutter_size":20,"space_below":false},"blocks":{"1525879359021":{"settings":{"cta_link1":"shopify:\/\/collections\/all","boxed":false,"text_size":120,"framed":true,"width":"100","focal_point":"80% 50%","height":500,"text_align":"vertical-center horizontal-center"},"type":"advanced"}},"type":"promo-grid","block_order":["1525879359021"]},"blog-template":{"settings":{"blog_show_tag_filter":true,"blog_show_comments":true,"blog_show_rss":false,"blog_image_size":"wide","blog_show_tags":true,"blog_show_date":true,"blog_show_author":false},"type":"blog-template"},"1498163293234":{"settings":{"align_text":"center","narrow_column":true,"divider":false,"enlarge_text":true},"type":"featured-content"},"1523298253705":{"settings":{"parallax":true,"autoplay_speed":7,"style":"minimal","section_height":"100vh","mobile_height":"500px","autoplay":true},"blocks":{"1523298253705-1":{"settings":{"title_size":80,"focal_point":"center center","text_align":"vertical-bottom horizontal-right"},"type":"image"},"1523298253705-0":{"settings":{},"type":"image"}},"type":"slideshow","block_order":["1523298253705-0","1523298253705-1"]},"list-collections-template":{"settings":{"display_type":"all","title_enable":true,"grid":"3","sort":"alphabetical"},"type":"list-collections-template"},"1525881294487":{"settings":{"full_width":false,"space_above":false,"gutter_size":0,"space_below":false},"blocks":{"1525881312850":{"settings":{"color_tint_opacity":14,"framed":true,"link":"shopify:\/\/collections\/all","color_tint":"#d69344","label":"Learn more"},"type":"banner"}},"type":"promo-grid","block_order":["1525881312850"]},"1526333080570":{"settings":{},"type":"instagram"},"1523380258742":{"settings":{"divider":false,"enable_gutter":true,"per_row":3},"blocks":{"1524685816171":{"settings":{},"type":"collection"},"1523380258742-1":{"settings":{},"type":"collection"},"1523380258742-2":{"settings":{},"type":"collection"},"1523380258742-0":{"settings":{},"type":"collection"},"1524685811204":{"settings":{},"type":"collection"},"1524685829380":{"settings":{},"type":"collection"}},"disabled":true,"type":"featured-collections","block_order":["1523380258742-0","1523380258742-1","1523380258742-2","1524685811204","1524685816171","1524685829380"]},"collection-template":{"settings":{"subcollection_style":"above","subcollections_per_row":3,"per_row":2},"type":"collection-template"},"collection-sidebar":{"settings":{"tags_combine":false,"filter_style":"sidebar","enable_sidebar":true,"enable_sort":true},"blocks":{"1524772785241":{"settings":{},"type":"subcollections"},"1524772580942":{"settings":{},"type":"tags_all"}},"type":"collection-sidebar","block_order":["1524772785241","1524772580942"]},"1499790633921":{"settings":{"layout":"right","framed":true,"parallax":true,"button_link":"shopify:\/\/collections\/all","focal_point":"center","color_border":"#6a635b","height":750},"type":"background-image-text"},"1524686167862":{"settings":{"divider":false,"view_all":true,"rows":1,"per_row":3},"type":"featured-collection"},"newsletter-popup":{"settings":{},"type":"newsletter-popup"},"header":{"settings":{"header_search_enable":true,"main_menu_link_list":"main-menu","header_style":"normal","toolbar_menu":"toolbar","sticky_index":true,"announcement_compact":true,"main_menu_alignment":"center-split","toolbar_social":true,"sticky_collection":true},"blocks":{"1520882467782":{"settings":{},"type":"logo"},"1520888647304":{"settings":{"link":"shopify:\/\/collections\/all","text":"Hassle-free returns","link_text":"30-day postage paid returns"},"type":"announcement"},"1521051841065":{"settings":{"link":"shopify:\/\/collections\/all","text":"Free shipping","link_text":"On all orders over $100"},"type":"announcement"}},"type":"header","block_order":["1520882467782","1521051841065","1520888647304"]},"1524685456938":{"settings":{"layout":"right","framed":true,"parallax":true,"button_link":"shopify:\/\/collections\/all","focal_point":"center","color_border":"#655147","height":650},"type":"background-image-text"},"1526493275292":{"settings":{"full_width":false,"space_above":false,"gutter_size":20,"space_below":true},"blocks":{"1526493290477":{"settings":{"boxed":true,"framed":true,"width":"100"},"type":"sale_collection"}},"type":"promo-grid","block_order":["1526493290477"]},"product-sections-template":{"settings":{"social_enable":true,"collection_links_enable":true,"image_size":"medium"},"blocks":{"product-text-columns":{"settings":{},"type":"text-columns"},"product-text-and-image":{"settings":{"layout":"left"},"type":"text-and-image"},"product-hero-video":{"settings":{"section_height":"650px","mobile_height":"auto","text_align":"vertical-bottom horizontal-left"},"type":"hero-video"},"product-image-row":{"settings":{"enable_zoom":true,"enable_gutter":false},"type":"image-row"},"product-background-image-text":{"settings":{"layout":"right","parallax":true,"alignment":"center","color_border":"#f4f4f4","height":550},"type":"background-image-text"}},"type":"product-sections-template","block_order":["product-image-row","product-text-and-image","product-background-image-text","product-text-columns","product-hero-video"]},"1525968536765":{"settings":{"full_width":false,"space_above":false,"gutter_size":20,"space_below":false},"blocks":{"1525968571112":{"settings":{"text_size":100,"color_tint_opacity":0,"framed":false,"width":"100","color_tint":"#000","label":"New","enable_price":true},"type":"product"}},"type":"promo-grid","block_order":["1525968571112"]}},"collection_grid_shape":"landscape","collection_grid_style":"below","content_for_index":["1523298253705","1498163293234","1525878145666","1523380258742","1524686876171","1526493275292","1524685456938","1524685919990","1525881294487","1524686167862","1524685997883","1499790633921","1525968536765","1525969002555","1526333080570"],"color_cart_dot":"#682d2d","color_drawer_border":"#e8e8e1","type_base_size":18,"icon_linecaps":"miter","color_image_overlay":"#000","collection_grid_opacity":0,"checkout_logo_position":"left","checkout_logo_size":"medium","cart_notes_enable":false,"color_drawer_text":"#000000","vendor_enable":false,"checkout_button_color":"#682d2d","social_twitter_link":"https:\/\/twitter.com\/shopify","type_header_spacing":"0","type_navigation_style":"heading","color_header_text":"#000000","variant_type":"button","share_twitter":true,"checkout_sidebar_background_color":"#f5f5f5","type_header_capitalize":true,"cart_type":"drawer","checkout_input_background_color_mode":"white","currency_format":"money_format","type_collection_font":"heading","color_drawer_background":"#ffffff","type_navigation_size":17,"quantity_enable":false,"type_base_font_family":"avenir_next_n4","color_body_text":"#000000","product_fixed_image_height":false,"checkout_error_color":"#ff6d6d","color_small_image_bg":"#f7f7f9","color_drawer_button_text":"#ffffff","color_announcement":"#6a2727","color_drawer_button":"#682d2d","color_savings_text":"#72acc7","collection_grid_tint":"#000000","product_color_swatches":false,"type_header_font_family":"americana_n8","type_base_line_height":1.5,"button_style":"square","sku_enable":false,"social_facebook_link":"https:\/\/www.facebook.com\/shopify","type_headers_align_text":true,"type_base_spacing":"0","share_pinterest":true,"color_footer":"#f7f7f9","color_body_bg":"#ffffff","product_hover_image":true,"breadcrumb":true,"type_collection_size":20,"product_video_width":"1280","color_borders":"#f2f2f2","product_contact":true,"type_header_line_height":1.2,"collection_color_swatches":false}}}